Model,Test Loss,Test Accuracy
Baseline CNN,0.29520392417907715,0.916967511177063
MobileNetV2,0.3905245065689087,0.8736461997032166
EfficientNetB0,0.39154601097106934,0.8592057824134827
